RPBE (eV),OC25 (eV),System,baseline,model,RPBE_true,RPBE_pred,delta_used,residual_after_correction,UMA (eV)
-2.105141330000052,-1.699036732316472,2_hydroxypyridine,OC25 (eV),raw_baseline,-2.105141330000052,-1.699036732316472,-0.40610459768358,-0.40610459768358,
-2.5734384000001,-1.96164834499406,benzaldehyde,OC25 (eV),raw_baseline,-2.5734384000001,-1.96164834499406,-0.61179005500604,-0.61179005500604,
-4.93737765000003,-3.971094623208955,benzaldehyde_2_hydroxypyridine,OC25 (eV),raw_baseline,-4.93737765000003,-3.971094623208955,-0.9662830267910754,-0.9662830267910754,
-5.121447120000084,-4.001681089402183,benzaldehyde_benzaldehyde,OC25 (eV),raw_baseline,-5.121447120000084,-4.001681089402183,-1.1197660305979014,-1.1197660305979014,
-4.856081660000086,-3.733782291413206,benzaldehyde_benzene,OC25 (eV),raw_baseline,-4.856081660000086,-3.733782291413206,-1.12229936858688,-1.12229936858688,
-5.35706921000002,-4.222997784615529,benzaldehyde_benzoic_acid,OC25 (eV),raw_baseline,-5.35706921000002,-4.222997784615529,-1.1340714253844908,-1.1340714253844908,
-5.258694110000022,-4.110156178475449,benzaldehyde_benzyl_alcohol,OC25 (eV),raw_baseline,-5.258694110000022,-4.110156178475449,-1.1485379315245732,-1.1485379315245732,
-5.259454800000071,-4.070718392730669,benzaldehyde_catechol,OC25 (eV),raw_baseline,-5.259454800000071,-4.070718392730669,-1.1887364072694027,-1.1887364072694027,
-3.986565479999996,-3.132128596306757,benzaldehyde_cyclohexanol,OC25 (eV),raw_baseline,-3.986565479999996,-3.132128596306757,-0.8544368836932388,-0.8544368836932388,
-3.785713440000023,-2.993405222893728,benzaldehyde_cyclohexanone,OC25 (eV),raw_baseline,-3.785713440000023,-2.993405222893728,-0.792308217106295,-0.792308217106295,
-4.469299260000071,-3.559381246567654,benzaldehyde_furfural,OC25 (eV),raw_baseline,-4.469299260000071,-3.559381246567654,-0.9099180134324167,-0.9099180134324167,
-4.703222520000082,-3.736967802048639,benzaldehyde_furoic_acid,OC25 (eV),raw_baseline,-4.703222520000082,-3.736967802048639,-0.9662547179514434,-0.9662547179514434,
-5.170880160000024,-4.027934521437714,benzaldehyde_guaiacol,OC25 (eV),raw_baseline,-5.170880160000024,-4.027934521437714,-1.1429456385623107,-1.1429456385623107,
-5.053059860000019,-3.925245106221126,benzaldehyde_o_chlorophenol,OC25 (eV),raw_baseline,-5.053059860000019,-3.925245106221126,-1.127814753778893,-1.127814753778893,
-5.152947230000052,-4.01411408186047,benzaldehyde_p_chlorophenol,OC25 (eV),raw_baseline,-5.152947230000052,-4.01411408186047,-1.1388331481395824,-1.1388331481395824,
-5.170749580000091,-3.991116881371539,benzaldehyde_p_cresol,OC25 (eV),raw_baseline,-5.170749580000091,-3.991116881371539,-1.1796326986285521,-1.1796326986285521,
-5.06793176000005,-3.915803074837584,benzaldehyde_phenol,OC25 (eV),raw_baseline,-5.06793176000005,-3.915803074837584,-1.1521286851624661,-1.1521286851624661,
-4.968333710000081,-3.831394076348317,benzaldehyde_toluene,OC25 (eV),raw_baseline,-4.968333710000081,-3.831394076348317,-1.1369396336517643,-1.1369396336517643,
-4.875276490000033,-3.7455514669428,benzaldehyde_xylene,OC25 (eV),raw_baseline,-4.875276490000033,-3.7455514669428,-1.129725023057233,-1.129725023057233,
-2.355076030000077,-1.703782200813663,benzene,OC25 (eV),raw_baseline,-2.355076030000077,-1.703782200813663,-0.6512938291864141,-0.6512938291864141,
-2.445489940000058,-1.866497755051171,benzoic_acid,OC25 (eV),raw_baseline,-2.445489940000058,-1.866497755051171,-0.578992184948887,-0.578992184948887,
-2.650462630000064,-2.019338369370047,benzyl_alcohol,OC25 (eV),raw_baseline,-2.650462630000064,-2.019338369370047,-0.6311242606300174,-0.6311242606300174,
-2.393293800000052,-1.785690531135145,catechol,OC25 (eV),raw_baseline,-2.393293800000052,-1.785690531135145,-0.6076032688649069,-0.6076032688649069,
-1.158831230000061,-0.9171004295354805,cyclohexanol,OC25 (eV),raw_baseline,-1.158831230000061,-0.9171004295354805,-0.2417308004645804,-0.2417308004645804,
-1.204963660000004,-0.9201769828801503,cyclohexanone,OC25 (eV),raw_baseline,-1.204963660000004,-0.9201769828801503,-0.2847866771198537,-0.2847866771198537,
-1.898074489999999,-1.479210257530625,furfural,OC25 (eV),raw_baseline,-1.898074489999999,-1.479210257530625,-0.4188642324693741,-0.4188642324693741,
-1.644524980000057,-1.319898009300672,furoic_acid,OC25 (eV),raw_baseline,-1.644524980000057,-1.319898009300672,-0.32462697069938495,-0.32462697069938495,
-2.41103717,-1.812620252371403,guaiacol,OC25 (eV),raw_baseline,-2.41103717,-1.812620252371403,-0.5984169176285972,-0.5984169176285972,
-2.227182150000047,-1.675613820553238,o_chlorophenol,OC25 (eV),raw_baseline,-2.227182150000047,-1.675613820553238,-0.551568329446809,-0.551568329446809,
-1.996720060000087,-1.411392182112209,o_fluorophenol,OC25 (eV),raw_baseline,-1.996720060000087,-1.411392182112209,-0.5853278778878779,-0.5853278778878779,
-2.329313200000044,-1.746393501758988,p_chlorophenol,OC25 (eV),raw_baseline,-2.329313200000044,-1.746393501758988,-0.582919698241056,-0.582919698241056,
-2.471532240000073,-1.85060882568412,p_cresol,OC25 (eV),raw_baseline,-2.471532240000073,-1.85060882568412,-0.620923414315953,-0.620923414315953,
-2.231926090000087,-1.625274419784944,phenol,OC25 (eV),raw_baseline,-2.231926090000087,-1.625274419784944,-0.606651670215143,-0.606651670215143,
-2.431331820000025,-1.788813114166757,toluene,OC25 (eV),raw_baseline,-2.431331820000025,-1.788813114166757,-0.642518705833268,-0.642518705833268,
-2.445747900000029,-1.824895858765274,xylene,OC25 (eV),raw_baseline,-2.445747900000029,-1.824895858765274,-0.6208520412347551,-0.6208520412347551,
-2.105141330000052,-1.699036732316472,2_hydroxypyridine,OC25 (eV),constant_bias_corrected,-2.105141330000052,-2.504973313902424,-0.40610459768358,0.3998319839023723,
-2.5734384000001,-1.96164834499406,benzaldehyde,OC25 (eV),constant_bias_corrected,-2.5734384000001,-2.7588390985621007,-0.61179005500604,0.1854006985620007,
-4.93737765000003,-3.971094623208955,benzaldehyde_2_hydroxypyridine,OC25 (eV),constant_bias_corrected,-4.93737765000003,-4.7399928579308055,-0.9662830267910754,-0.19738479206922488,
-5.121447120000084,-4.001681089402183,benzaldehyde_benzaldehyde,OC25 (eV),constant_bias_corrected,-5.121447120000084,-4.791294182556579,-1.1197660305979014,-0.33015293744350505,
-4.856081660000086,-3.733782291413206,benzaldehyde_benzene,OC25 (eV),constant_bias_corrected,-4.856081660000086,-4.540247504839398,-1.12229936858688,-0.31583415516068847,
-5.35706921000002,-4.222997784615529,benzaldehyde_benzoic_acid,OC25 (eV),constant_bias_corrected,-5.35706921000002,-5.028934366201481,-1.1340714253844908,-0.32813484379853897,
-5.258694110000022,-4.110156178475449,benzaldehyde_benzyl_alcohol,OC25 (eV),constant_bias_corrected,-5.258694110000022,-4.907346932043489,-1.1485379315245732,-0.3513471779565327,
-5.259454800000071,-4.070718392730669,benzaldehyde_catechol,OC25 (eV),constant_bias_corrected,-5.259454800000071,-4.83961662745252,-1.1887364072694027,-0.41983817254755174,
-3.986565479999996,-3.132128596306757,benzaldehyde_cyclohexanol,OC25 (eV),constant_bias_corrected,-3.986565479999996,-3.9217416894611534,-0.8544368836932388,-0.06482379053884246,
-3.785713440000023,-2.993405222893728,benzaldehyde_cyclohexanone,OC25 (eV),constant_bias_corrected,-3.785713440000023,-3.799870436319919,-0.792308217106295,0.014156996319896198,
-4.469299260000071,-3.559381246567654,benzaldehyde_furfural,OC25 (eV),constant_bias_corrected,-4.469299260000071,-4.365317828153606,-0.9099180134324167,-0.10398143184646447,
-4.703222520000082,-3.736967802048639,benzaldehyde_furoic_acid,OC25 (eV),constant_bias_corrected,-4.703222520000082,-4.5341585556166795,-0.9662547179514434,-0.16906396438340288,
-5.170880160000024,-4.027934521437714,benzaldehyde_guaiacol,OC25 (eV),constant_bias_corrected,-5.170880160000024,-4.7968327561595645,-1.1429456385623107,-0.37404740384045976,
-5.053059860000019,-3.925245106221126,benzaldehyde_o_chlorophenol,OC25 (eV),constant_bias_corrected,-5.053059860000019,-4.714858199375522,-1.127814753778893,-0.3382016606244971,
-5.152947230000052,-4.01411408186047,benzaldehyde_p_chlorophenol,OC25 (eV),constant_bias_corrected,-5.152947230000052,-4.820579295286661,-1.1388331481395824,-0.33236793471339077,
-5.170749580000091,-3.991116881371539,benzaldehyde_p_cresol,OC25 (eV),constant_bias_corrected,-5.170749580000091,-4.797053462957491,-1.1796326986285521,-0.3736961170426003,
-5.06793176000005,-3.915803074837584,benzaldehyde_phenol,OC25 (eV),constant_bias_corrected,-5.06793176000005,-4.712993828405625,-1.1521286851624661,-0.3549379315944252,
-4.968333710000081,-3.831394076348317,benzaldehyde_toluene,OC25 (eV),constant_bias_corrected,-4.968333710000081,-4.6002923110701675,-1.1369396336517643,-0.36804139892991383,
-4.875276490000033,-3.7455514669428,benzaldehyde_xylene,OC25 (eV),constant_bias_corrected,-4.875276490000033,-4.535164560097196,-1.129725023057233,-0.3401119299028368,
-2.355076030000077,-1.703782200813663,benzene,OC25 (eV),constant_bias_corrected,-2.355076030000077,-2.5102474142398545,-0.6512938291864141,0.1551713842397775,
-2.445489940000058,-1.866497755051171,benzoic_acid,OC25 (eV),constant_bias_corrected,-2.445489940000058,-2.672434336637123,-0.578992184948887,0.226944396637065,
-2.650462630000064,-2.019338369370047,benzyl_alcohol,OC25 (eV),constant_bias_corrected,-2.650462630000064,-2.8165291229380873,-0.6311242606300174,0.1660664929380231,
-2.393293800000052,-1.785690531135145,catechol,OC25 (eV),constant_bias_corrected,-2.393293800000052,-2.5545887658569955,-0.6076032688649069,0.16129496585694358,
-1.158831230000061,-0.9171004295354805,cyclohexanol,OC25 (eV),constant_bias_corrected,-1.158831230000061,-1.7067135226898769,-0.2417308004645804,0.5478822926898159,
-1.204963660000004,-0.9201769828801503,cyclohexanone,OC25 (eV),constant_bias_corrected,-1.204963660000004,-1.7266421963063416,-0.2847866771198537,0.5216785363063376,
-1.898074489999999,-1.479210257530625,furfural,OC25 (eV),constant_bias_corrected,-1.898074489999999,-2.2851468391165772,-0.4188642324693741,0.3870723491165782,
-1.644524980000057,-1.319898009300672,furoic_acid,OC25 (eV),constant_bias_corrected,-1.644524980000057,-2.117088762868713,-0.32462697069938495,0.47256378286865597,
-2.41103717,-1.812620252371403,guaiacol,OC25 (eV),constant_bias_corrected,-2.41103717,-2.5815184870932537,-0.5984169176285972,0.17048131709325354,
-2.227182150000047,-1.675613820553238,o_chlorophenol,OC25 (eV),constant_bias_corrected,-2.227182150000047,-2.4652269137076344,-0.551568329446809,0.23804476370758731,
-1.996720060000087,-1.411392182112209,o_fluorophenol,OC25 (eV),constant_bias_corrected,-1.996720060000087,-2.2178573955384007,-0.5853278778878779,0.22113733553831372,
-2.329313200000044,-1.746393501758988,p_chlorophenol,OC25 (eV),constant_bias_corrected,-2.329313200000044,-2.5523300833449403,-0.582919698241056,0.22301688334489622,
-2.471532240000073,-1.85060882568412,p_cresol,OC25 (eV),constant_bias_corrected,-2.471532240000073,-2.647799579252161,-0.620923414315953,0.17626733925208793,
-2.231926090000087,-1.625274419784944,phenol,OC25 (eV),constant_bias_corrected,-2.231926090000087,-2.3941726545067947,-0.606651670215143,0.1622465645067077,
-2.431331820000025,-1.788813114166757,toluene,OC25 (eV),constant_bias_corrected,-2.431331820000025,-2.578426207321153,-0.642518705833268,0.14709438732112812,
-2.445747900000029,-1.824895858765274,xylene,OC25 (eV),constant_bias_corrected,-2.445747900000029,-2.6313610721914653,-0.6208520412347551,0.18561317219143625,
-2.105141330000052,-1.699036732316472,2_hydroxypyridine,OC25 (eV),linear_calibrated,-2.105141330000052,-2.2519596281171292,-0.40610459768358,0.14681829811707736,
-2.5734384000001,-1.96164834499406,benzaldehyde,OC25 (eV),linear_calibrated,-2.5734384000001,-2.574230204712991,-0.61179005500604,0.0007918047128909755,
-4.93737765000003,-3.971094623208955,benzaldehyde_2_hydroxypyridine,OC25 (eV),linear_calibrated,-4.93737765000003,-5.0910252569620615,-0.9662830267910754,0.15364760696203117,
-5.121447120000084,-4.001681089402183,benzaldehyde_benzaldehyde,OC25 (eV),linear_calibrated,-5.121447120000084,-5.119062973001661,-1.1197660305979014,-0.0023841469984233754,
-4.856081660000086,-3.733782291413206,benzaldehyde_benzene,OC25 (eV),linear_calibrated,-4.856081660000086,-4.786847282170566,-1.12229936858688,-0.06923437782952035,
-5.35706921000002,-4.222997784615529,benzaldehyde_benzoic_acid,OC25 (eV),linear_calibrated,-5.35706921000002,-5.408780912322193,-1.1340714253844908,0.051711702322172926,
-5.258694110000022,-4.110156178475449,benzaldehyde_benzyl_alcohol,OC25 (eV),linear_calibrated,-5.258694110000022,-5.263140057638731,-1.1485379315245732,0.004445947638709313,
-5.259454800000071,-4.070718392730669,benzaldehyde_catechol,OC25 (eV),linear_calibrated,-5.259454800000071,-5.21646895710145,-1.1887364072694027,-0.04298584289862095,
-3.986565479999996,-3.132128596306757,benzaldehyde_cyclohexanol,OC25 (eV),linear_calibrated,-3.986565479999996,-4.032899084599524,-0.8544368836932388,0.0463336045995284,
-3.785713440000023,-2.993405222893728,benzaldehyde_cyclohexanone,OC25 (eV),linear_calibrated,-3.785713440000023,-3.8554045432635613,-0.792308217106295,0.06969110326353833,
-4.469299260000071,-3.559381246567654,benzaldehyde_furfural,OC25 (eV),linear_calibrated,-4.469299260000071,-4.578768575185784,-0.9099180134324167,0.1094693151857129,
-4.703222520000082,-3.736967802048639,benzaldehyde_furoic_acid,OC25 (eV),linear_calibrated,-4.703222520000082,-4.796085720329005,-0.9662547179514434,0.0928632003289227,
-5.170880160000024,-4.027934521437714,benzaldehyde_guaiacol,OC25 (eV),linear_calibrated,-5.170880160000024,-5.1625966016681835,-1.1429456385623107,-0.008283558331840801,
-5.053059860000019,-3.925245106221126,benzaldehyde_o_chlorophenol,OC25 (eV),linear_calibrated,-5.053059860000019,-5.023586270485133,-1.127814753778893,-0.0294735895148861,
-5.152947230000052,-4.01411408186047,benzaldehyde_p_chlorophenol,OC25 (eV),linear_calibrated,-5.152947230000052,-5.139522995397405,-1.1388331481395824,-0.01342423460264719,
-5.170749580000091,-3.991116881371539,benzaldehyde_p_cresol,OC25 (eV),linear_calibrated,-5.170749580000091,-5.118757985821587,-1.1796326986285521,-0.05199159417850474,
-5.06793176000005,-3.915803074837584,benzaldehyde_phenol,OC25 (eV),linear_calibrated,-5.06793176000005,-5.019902417461388,-1.1521286851624661,-0.04802934253866198,
-4.968333710000081,-3.831394076348317,benzaldehyde_toluene,OC25 (eV),linear_calibrated,-4.968333710000081,-4.915117904792708,-1.1369396336517643,-0.05321580520737346,
-4.875276490000033,-3.7455514669428,benzaldehyde_xylene,OC25 (eV),linear_calibrated,-4.875276490000033,-4.799129732772396,-1.129725023057233,-0.07614675722763664,
-2.355076030000077,-1.703782200813663,benzene,OC25 (eV),linear_calibrated,-2.355076030000077,-2.232974499278235,-0.6512938291864141,-0.12210153072184182,
-2.445489940000058,-1.866497755051171,benzoic_acid,OC25 (eV),linear_calibrated,-2.445489940000058,-2.46140997615721,-0.578992184948887,0.015920036157151873,
-2.650462630000064,-2.019338369370047,benzyl_alcohol,OC25 (eV),linear_calibrated,-2.650462630000064,-2.646430674519405,-0.6311242606300174,-0.004031955480659377,
-2.393293800000052,-1.785690531135145,catechol,OC25 (eV),linear_calibrated,-2.393293800000052,-2.339220372187557,-0.6076032688649069,-0.05407342781249502,
-1.158831230000061,-0.9171004295354805,cyclohexanol,OC25 (eV),linear_calibrated,-1.158831230000061,-1.2660924505617108,-0.2417308004645804,0.10726122056164988,
-1.204963660000004,-0.9201769828801503,cyclohexanone,OC25 (eV),linear_calibrated,-1.204963660000004,-1.2471479232696772,-0.2847866771198537,0.04218426326967317,
-1.898074489999999,-1.479210257530625,furfural,OC25 (eV),linear_calibrated,-1.898074489999999,-1.9770136681532806,-0.4188642324693741,0.07893917815328155,
-1.644524980000057,-1.319898009300672,furoic_acid,OC25 (eV),linear_calibrated,-1.644524980000057,-1.7710640380026654,-0.32462697069938495,0.12653905800260845,
-2.41103717,-1.812620252371403,guaiacol,OC25 (eV),linear_calibrated,-2.41103717,-2.373129587747426,-0.5984169176285972,-0.03790758225257429,
-2.227182150000047,-1.675613820553238,o_chlorophenol,OC25 (eV),linear_calibrated,-2.227182150000047,-2.213556647070575,-0.551568329446809,-0.013625502929472066,
-1.996720060000087,-1.411392182112209,o_fluorophenol,OC25 (eV),linear_calibrated,-1.996720060000087,-1.8651287468524398,-0.5853278778878779,-0.13159131314764716,
-2.329313200000044,-1.746393501758988,p_chlorophenol,OC25 (eV),linear_calibrated,-2.329313200000044,-2.31119067591446,-0.582919698241056,-0.018122524085584235,
-2.471532240000073,-1.85060882568412,p_cresol,OC25 (eV),linear_calibrated,-2.471532240000073,-2.4352615433547347,-0.620923414315953,-0.03627069664533833,
-2.231926090000087,-1.625274419784944,phenol,OC25 (eV),linear_calibrated,-2.231926090000087,-2.137228511546754,-0.606651670215143,-0.09469757845333282,
-2.431331820000025,-1.788813114166757,toluene,OC25 (eV),linear_calibrated,-2.431331820000025,-2.354954648792067,-0.642518705833268,-0.07637717120795795,
-2.445747900000029,-1.824895858765274,xylene,OC25 (eV),linear_calibrated,-2.445747900000029,-2.385343396260796,-0.6208520412347551,-0.06040450373923312,
-2.105141330000052,,2_hydroxypyridine,UMA (eV),raw_baseline,-2.105141330000052,-0.005436897277718344,-2.0997044327223335,-2.0997044327223335,-0.005436897277718344
-2.5734384000001,,benzaldehyde,UMA (eV),raw_baseline,-2.5734384000001,-0.217100620269747,-2.356337779730353,-2.356337779730353,-0.217100620269747
-4.93737765000003,,benzaldehyde_2_hydroxypyridine,UMA (eV),raw_baseline,-4.93737765000003,-0.4700617790220747,-4.467315870977956,-4.467315870977956,-0.4700617790220747
-5.121447120000084,,benzaldehyde_benzaldehyde,UMA (eV),raw_baseline,-5.121447120000084,-0.4257936477658291,-4.695653472234255,-4.695653472234255,-0.4257936477658291
-4.856081660000086,,benzaldehyde_benzene,UMA (eV),raw_baseline,-4.856081660000086,-0.535236835479509,-4.320844824520577,-4.320844824520577,-0.535236835479509
-5.35706921000002,,benzaldehyde_benzoic_acid,UMA (eV),raw_baseline,-5.35706921000002,-0.5422797203061975,-4.814789489693823,-4.814789489693823,-0.5422797203061975
-5.258694110000022,,benzaldehyde_benzyl_alcohol,UMA (eV),raw_baseline,-5.258694110000022,-0.5284376144406053,-4.730256495559416,-4.730256495559416,-0.5284376144406053
-5.259454800000071,,benzaldehyde_catechol,UMA (eV),raw_baseline,-5.259454800000071,-0.5978431701658451,-4.661611629834226,-4.661611629834226,-0.5978431701658451
-3.986565479999996,,benzaldehyde_cyclohexanol,UMA (eV),raw_baseline,-3.986565479999996,-0.3640131950376144,-3.6225522849623815,-3.6225522849623815,-0.3640131950376144
-3.785713440000023,,benzaldehyde_cyclohexanone,UMA (eV),raw_baseline,-3.785713440000023,-0.3182258605955042,-3.467487579404519,-3.467487579404519,-0.3182258605955042
-4.469299260000071,,benzaldehyde_furfural,UMA (eV),raw_baseline,-4.469299260000071,-0.1926693916319664,-4.276629868368104,-4.276629868368104,-0.1926693916319664
-4.703222520000082,,benzaldehyde_furoic_acid,UMA (eV),raw_baseline,-4.703222520000082,-0.3239822387693607,-4.379240281230722,-4.379240281230722,-0.3239822387693607
-5.170880160000024,,benzaldehyde_guaiacol,UMA (eV),raw_baseline,-5.170880160000024,-0.3667883872983566,-4.804091772701668,-4.804091772701668,-0.3667883872983566
-5.053059860000019,,benzaldehyde_o_chlorophenol,UMA (eV),raw_baseline,-5.053059860000019,-0.3087925910947433,-4.744267268905276,-4.744267268905276,-0.3087925910947433
-5.152947230000052,,benzaldehyde_p_chlorophenol,UMA (eV),raw_baseline,-5.152947230000052,-0.4073700904843918,-4.74557713951566,-4.74557713951566,-0.4073700904843918
-5.170749580000091,,benzaldehyde_p_cresol,UMA (eV),raw_baseline,-5.170749580000091,-0.4470176696774502,-4.723731910322641,-4.723731910322641,-0.4470176696774502
-5.06793176000005,,benzaldehyde_phenol,UMA (eV),raw_baseline,-5.06793176000005,-0.5190453529356489,-4.548886407064401,-4.548886407064401,-0.5190453529356489
-4.968333710000081,,benzaldehyde_toluene,UMA (eV),raw_baseline,-4.968333710000081,-0.4155244827267666,-4.552809227273315,-4.552809227273315,-0.4155244827267666
-4.875276490000033,,benzaldehyde_xylene,UMA (eV),raw_baseline,-4.875276490000033,-0.0932855606075691,-4.781990929392464,-4.781990929392464,-0.0932855606075691
-2.355076030000077,,benzene,UMA (eV),raw_baseline,-2.355076030000077,-0.3266315460204225,-2.0284444839796545,-2.0284444839796545,-0.3266315460204225
-2.445489940000058,,benzoic_acid,UMA (eV),raw_baseline,-2.445489940000058,-0.08324146270746269,-2.3622484772925954,-2.3622484772925954,-0.08324146270746269
-2.650462630000064,,benzyl_alcohol,UMA (eV),raw_baseline,-2.650462630000064,-0.2639470100402264,-2.386515619959838,-2.386515619959838,-0.2639470100402264
-2.393293800000052,,catechol,UMA (eV),raw_baseline,-2.393293800000052,-0.1406493186950399,-2.252644481305012,-2.252644481305012,-0.1406493186950399
-1.158831230000061,,cyclohexanol,UMA (eV),raw_baseline,-1.158831230000061,0.03154659271248761,-1.1903778227125486,-1.1903778227125486,0.03154659271248761
-1.204963660000004,,cyclohexanone,UMA (eV),raw_baseline,-1.204963660000004,0.005314350128230672,-1.2102780101282347,-1.2102780101282347,0.005314350128230672
-1.898074489999999,,furfural,UMA (eV),raw_baseline,-1.898074489999999,0.1170940399170917,-2.0151685299170907,-2.0151685299170907,0.1170940399170917
-1.644524980000057,,furoic_acid,UMA (eV),raw_baseline,-1.644524980000057,0.1441025733947896,-1.7886275533948466,-1.7886275533948466,0.1441025733947896
-2.41103717,,guaiacol,UMA (eV),raw_baseline,-2.41103717,-0.007302284240651602,-2.4037348857593486,-2.4037348857593486,-0.007302284240651602
-2.227182150000047,,o_chlorophenol,UMA (eV),raw_baseline,-2.227182150000047,0.09697151184090558,-2.3241536618409526,-2.3241536618409526,0.09697151184090558
-1.996720060000087,,o_fluorophenol,UMA (eV),raw_baseline,-1.996720060000087,0.04001665115366393,-2.036736711153751,-2.036736711153751,0.04001665115366393
-2.329313200000044,,p_chlorophenol,UMA (eV),raw_baseline,-2.329313200000044,0.06192016601571027,-2.3912333660157543,-2.3912333660157543,0.06192016601571027
-2.471532240000073,,p_cresol,UMA (eV),raw_baseline,-2.471532240000073,-0.05911016464229135,-2.4124220753577816,-2.4124220753577816,-0.05911016464229135
-2.231926090000087,,phenol,UMA (eV),raw_baseline,-2.231926090000087,-0.09043884277332381,-2.141487247226763,-2.141487247226763,-0.09043884277332381
-2.431331820000025,,toluene,UMA (eV),raw_baseline,-2.431331820000025,-0.1605439186095907,-2.270787901390434,-2.270787901390434,-0.1605439186095907
-2.445747900000029,,xylene,UMA (eV),raw_baseline,-2.445747900000029,0.03852987289435816,-2.4842777728943872,-2.4842777728943872,0.03852987289435816
-2.105141330000052,,2_hydroxypyridine,UMA (eV),constant_bias_corrected,-2.105141330000052,-3.2843444397923878,-2.0997044327223335,1.179203109792336,-0.005436897277718344
-2.5734384000001,,benzaldehyde,UMA (eV),constant_bias_corrected,-2.5734384000001,-3.4989088721428088,-2.356337779730353,0.9254704721427087,-0.217100620269747
-4.93737765000003,,benzaldehyde_2_hydroxypyridine,UMA (eV),constant_bias_corrected,-4.93737765000003,-3.656105427224389,-4.467315870977956,-1.2812722227756415,-0.4700617790220747
-5.121447120000084,,benzaldehyde_benzaldehyde,UMA (eV),constant_bias_corrected,-5.121447120000084,-3.670905573598142,-4.695653472234255,-1.4505415464019422,-0.4257936477658291
-4.856081660000086,,benzaldehyde_benzene,UMA (eV),constant_bias_corrected,-4.856081660000086,-3.899496504877591,-4.320844824520577,-0.9565851551224953,-0.535236835479509
-5.35706921000002,,benzaldehyde_benzoic_acid,UMA (eV),constant_bias_corrected,-5.35706921000002,-3.821187262820867,-4.814789489693823,-1.5358819471791532,-0.5422797203061975
-5.258694110000022,,benzaldehyde_benzyl_alcohol,UMA (eV),constant_bias_corrected,-5.258694110000022,-3.810245866313667,-4.730256495559416,-1.4484482436863546,-0.5284376144406053
-5.259454800000071,,benzaldehyde_catechol,UMA (eV),constant_bias_corrected,-5.259454800000071,-3.7838868183681593,-4.661611629834226,-1.475567981631912,-0.5978431701658451
-3.986565479999996,,benzaldehyde_cyclohexanol,UMA (eV),constant_bias_corrected,-3.986565479999996,-3.6091251208699275,-3.6225522849623815,-0.37744035913006835,-0.3640131950376144
-3.785713440000023,,benzaldehyde_cyclohexanone,UMA (eV),constant_bias_corrected,-3.785713440000023,-3.682485529993586,-3.467487579404519,-0.10322791000643683,-0.3182258605955042
-4.469299260000071,,benzaldehyde_furfural,UMA (eV),constant_bias_corrected,-4.469299260000071,-3.471576934146636,-4.276629868368104,-0.9977223258534349,-0.1926693916319664
-4.703222520000082,,benzaldehyde_furoic_acid,UMA (eV),constant_bias_corrected,-4.703222520000082,-3.6057904906424225,-4.379240281230722,-1.0974320293576598,-0.3239822387693607
-5.170880160000024,,benzaldehyde_guaiacol,UMA (eV),constant_bias_corrected,-5.170880160000024,-3.552832035500671,-4.804091772701668,-1.6180481244993534,-0.3667883872983566
-5.053059860000019,,benzaldehyde_o_chlorophenol,UMA (eV),constant_bias_corrected,-5.053059860000019,-3.5539045169270564,-4.744267268905276,-1.4991553430729625,-0.3087925910947433
-5.152947230000052,,benzaldehyde_p_chlorophenol,UMA (eV),constant_bias_corrected,-5.152947230000052,-3.7716297598824737,-4.74557713951566,-1.3813174701175783,-0.4073700904843918
-5.170749580000091,,benzaldehyde_p_cresol,UMA (eV),constant_bias_corrected,-5.170749580000091,-3.7259252121921196,-4.723731910322641,-1.4448243678079717,-0.4470176696774502
-5.06793176000005,,benzaldehyde_phenol,UMA (eV),constant_bias_corrected,-5.06793176000005,-3.8008536048087107,-4.548886407064401,-1.2670781551913395,-0.5190453529356489
-4.968333710000081,,benzaldehyde_toluene,UMA (eV),constant_bias_corrected,-4.968333710000081,-3.601568130929081,-4.552809227273315,-1.3667655790710005,-0.4155244827267666
-4.875276490000033,,benzaldehyde_xylene,UMA (eV),constant_bias_corrected,-4.875276490000033,-3.338397486439882,-4.781990929392464,-1.5368790035601507,-0.0932855606075691
-2.355076030000077,,benzene,UMA (eV),constant_bias_corrected,-2.355076030000077,-3.6908912154185045,-2.0284444839796545,1.3358151854184275,-0.3266315460204225
-2.445489940000058,,benzoic_acid,UMA (eV),constant_bias_corrected,-2.445489940000058,-3.362149005222132,-2.3622484772925954,0.9166590652220741,-0.08324146270746269
-2.650462630000064,,benzyl_alcohol,UMA (eV),constant_bias_corrected,-2.650462630000064,-3.545755261913288,-2.386515619959838,0.895292631913224,-0.2639470100402264
-2.393293800000052,,catechol,UMA (eV),constant_bias_corrected,-2.393293800000052,-3.326692966897354,-2.252644481305012,0.9333991668973023,-0.1406493186950399
-1.158831230000061,,cyclohexanol,UMA (eV),constant_bias_corrected,-1.158831230000061,-3.2135653331198255,-1.1903778227125486,2.0547341031197646,0.03154659271248761
-1.204963660000004,,cyclohexanone,UMA (eV),constant_bias_corrected,-1.204963660000004,-3.3589453192698513,-1.2102780101282347,2.1539816592698475,0.005314350128230672
-1.898074489999999,,furfural,UMA (eV),constant_bias_corrected,-1.898074489999999,-3.1618135025975778,-2.0151685299170907,1.2637390125975787,0.1170940399170917
-1.644524980000057,,furoic_acid,UMA (eV),constant_bias_corrected,-1.644524980000057,-3.137705678478272,-1.7886275533948466,1.4931806984782152,0.1441025733947896
-2.41103717,,guaiacol,UMA (eV),constant_bias_corrected,-2.41103717,-3.193345932442966,-2.4037348857593486,0.7823087624429657,-0.007302284240651602
-2.227182150000047,,o_chlorophenol,UMA (eV),constant_bias_corrected,-2.227182150000047,-3.1481404139914075,-2.3241536618409526,0.9209582639913605,0.09697151184090558
-1.996720060000087,,o_fluorophenol,UMA (eV),constant_bias_corrected,-1.996720060000087,-3.324243018244418,-2.036736711153751,1.327522958244331,0.04001665115366393
-2.329313200000044,,p_chlorophenol,UMA (eV),constant_bias_corrected,-2.329313200000044,-3.216987376498959,-2.3912333660157543,0.8876741764989151,0.06192016601571027
-2.471532240000073,,p_cresol,UMA (eV),constant_bias_corrected,-2.471532240000073,-3.340918416515353,-2.4124220753577816,0.8693861765152802,-0.05911016464229135
-2.231926090000087,,phenol,UMA (eV),constant_bias_corrected,-2.231926090000087,-3.276482490975638,-2.141487247226763,1.044556400975551,-0.09043884277332381
-2.431331820000025,,toluene,UMA (eV),constant_bias_corrected,-2.431331820000025,-3.405655844441904,-2.270787901390434,0.9743240244418789,-0.1605439186095907
-2.445747900000029,,xylene,UMA (eV),constant_bias_corrected,-2.445747900000029,-3.325729796503724,-2.4842777728943872,0.8799818965036947,0.03852987289435816
-2.105141330000052,,2_hydroxypyridine,UMA (eV),linear_calibrated,-2.105141330000052,-2.215416004948788,-2.0997044327223335,0.110274674948736,-0.005436897277718344
-2.5734384000001,,benzaldehyde,UMA (eV),linear_calibrated,-2.5734384000001,-3.5272196708859296,-2.356337779730353,0.9537812708858295,-0.217100620269747
-4.93737765000003,,benzaldehyde_2_hydroxypyridine,UMA (eV),linear_calibrated,-4.93737765000003,-4.86298238045802,-4.467315870977956,-0.07439526954201003,-0.4700617790220747
-5.121447120000084,,benzaldehyde_benzaldehyde,UMA (eV),linear_calibrated,-5.121447120000084,-4.571060463313867,-4.695653472234255,-0.550386656686217,-0.4257936477658291
-4.856081660000086,,benzaldehyde_benzene,UMA (eV),linear_calibrated,-4.856081660000086,-5.363542731879777,-4.320844824520577,0.5074610718796908,-0.535236835479509
-5.35706921000002,,benzaldehyde_benzoic_acid,UMA (eV),linear_calibrated,-5.35706921000002,-5.250576312065391,-4.814789489693823,-0.10649289793462913,-0.5422797203061975
-5.258694110000022,,benzaldehyde_benzyl_alcohol,UMA (eV),linear_calibrated,-5.258694110000022,-5.281278195052906,-4.730256495559416,0.022584085052884006,-0.5284376144406053
-5.259454800000071,,benzaldehyde_catechol,UMA (eV),linear_calibrated,-5.259454800000071,-5.560799819449353,-4.661611629834226,0.3013450194492817,-0.5978431701658451
-3.986565479999996,,benzaldehyde_cyclohexanol,UMA (eV),linear_calibrated,-3.986565479999996,-4.224656456826242,-3.6225522849623815,0.23809097682624625,-0.3640131950376144
-3.785713440000023,,benzaldehyde_cyclohexanone,UMA (eV),linear_calibrated,-3.785713440000023,-4.1373389975786985,-3.467487579404519,0.35162555757867553,-0.3182258605955042
-4.469299260000071,,benzaldehyde_furfural,UMA (eV),linear_calibrated,-4.469299260000071,-3.273976556919323,-4.276629868368104,-1.1953227030807478,-0.1926693916319664
-4.703222520000082,,benzaldehyde_furoic_acid,UMA (eV),linear_calibrated,-4.703222520000082,-4.129385868659154,-4.379240281230722,-0.5738366513409288,-0.3239822387693607
-5.170880160000024,,benzaldehyde_guaiacol,UMA (eV),linear_calibrated,-5.170880160000024,-4.2990037519305675,-4.804091772701668,-0.8718764080694568,-0.3667883872983566
-5.053059860000019,,benzaldehyde_o_chlorophenol,UMA (eV),linear_calibrated,-5.053059860000019,-3.915033629511787,-4.744267268905276,-1.138026230488232,-0.3087925910947433
-5.152947230000052,,benzaldehyde_p_chlorophenol,UMA (eV),linear_calibrated,-5.152947230000052,-4.64104157593712,-4.74557713951566,-0.5119056540629323,-0.4073700904843918
-5.170749580000091,,benzaldehyde_p_cresol,UMA (eV),linear_calibrated,-5.170749580000091,-4.711991120198967,-4.723731910322641,-0.45875845980112473,-0.4470176696774502
-5.06793176000005,,benzaldehyde_phenol,UMA (eV),linear_calibrated,-5.06793176000005,-5.22836261912577,-4.548886407064401,0.16043085912571975,-0.5190453529356489
-4.968333710000081,,benzaldehyde_toluene,UMA (eV),linear_calibrated,-4.968333710000081,-4.565152813181793,-4.552809227273315,-0.40318089681828795,-0.4155244827267666
-4.875276490000033,,benzaldehyde_xylene,UMA (eV),linear_calibrated,-4.875276490000033,-2.706682193250546,-4.781990929392464,-2.168594296749487,-0.0932855606075691
-2.355076030000077,,benzene,UMA (eV),linear_calibrated,-2.355076030000077,-4.184834673144897,-2.0284444839796545,1.8297586431448196,-0.3266315460204225
-2.445489940000058,,benzoic_acid,UMA (eV),linear_calibrated,-2.445489940000058,-2.6553014212660497,-2.3622484772925954,0.2098114812659917,-0.08324146270746269
-2.650462630000064,,benzyl_alcohol,UMA (eV),linear_calibrated,-2.650462630000064,-3.791150109098689,-2.386515619959838,1.140687479098625,-0.2639470100402264
-2.393293800000052,,catechol,UMA (eV),linear_calibrated,-2.393293800000052,-3.0640525254949256,-2.252644481305012,0.6707587254948737,-0.1406493186950399
-1.158831230000061,,cyclohexanol,UMA (eV),linear_calibrated,-1.158831230000061,-2.0067462727616263,-1.1903778227125486,0.8479150427615654,0.03154659271248761
-1.204963660000004,,cyclohexanone,UMA (eV),linear_calibrated,-1.204963660000004,-2.3092000530020145,-1.2102780101282347,1.1042363930020105,0.005314350128230672
-1.898074489999999,,furfural,UMA (eV),linear_calibrated,-1.898074489999999,-1.5226600976061357,-2.0151685299170907,-0.3754143923938633,0.1170940399170917
-1.644524980000057,,furoic_acid,UMA (eV),linear_calibrated,-1.644524980000057,-1.492217237298103,-1.7886275533948466,-0.1523077427019539,0.1441025733947896
-2.41103717,,guaiacol,UMA (eV),linear_calibrated,-2.41103717,-2.3358409663066633,-2.4037348857593486,-0.0751962036933369,-0.007302284240651602
-2.227182150000047,,o_chlorophenol,UMA (eV),linear_calibrated,-2.227182150000047,-1.639907683703139,-2.3241536618409526,-0.587274466296908,0.09697151184090558
-1.996720060000087,,o_fluorophenol,UMA (eV),linear_calibrated,-1.996720060000087,-2.113117384238506,-2.036736711153751,0.11639732423841886,0.04001665115366393
-2.329313200000044,,p_chlorophenol,UMA (eV),linear_calibrated,-2.329313200000044,-1.8345978657421287,-2.3912333660157543,-0.49471533425791536,0.06192016601571027
-2.471532240000073,,p_cresol,UMA (eV),linear_calibrated,-2.471532240000073,-2.6371085995421875,-2.4124220753577816,0.16557635954211447,-0.05911016464229135
-2.231926090000087,,phenol,UMA (eV),linear_calibrated,-2.231926090000087,-2.7898518347323247,-2.141487247226763,0.5579257447322377,-0.09043884277332381
-2.431331820000025,,toluene,UMA (eV),linear_calibrated,-2.431331820000025,-3.083800903988627,-2.270787901390434,0.6524690839886023,-0.1605439186095907
-2.445747900000029,,xylene,UMA (eV),linear_calibrated,-2.445747900000029,-2.12151830983507,-2.4842777728943872,-0.324229590164959,0.03852987289435816
